classification,start_time,end_time,duration,f0_mean,f0_std,f0_max,f0_min,f0_reg_coef,f0_reg_coef_mse,f0_slope,mean_distances_f0,silence_before_duration,silence_after_duration,energy_reg,energy_reg_mse,energy_max,energy_mean,mean_coeff_0,mean_coeff_1,mean_coeff_2,mean_coeff_3,mean_coeff_4,mean_coeff_5,mean_coeff_6,mean_coeff_7,mean_coeff_8,mean_coeff_9,mean_coeff_10,mean_coeff_11,mean_coeff_12,std_coeff_0,std_coeff_1,std_coeff_2,std_coeff_3,std_coeff_4,std_coeff_5,std_coeff_6,std_coeff_7,std_coeff_8,std_coeff_9,std_coeff_10,std_coeff_11,std_coeff_12,stability_distance
NFP,1.73,2.16,0.43,192.795065,12.00629425,206.4528028,172.8381141,-37.50164676,80.19676769,-165.3431429,2.263659494,1.71,0.14,-0.025160103,0.001049142,0.440011338,0.134421447,729.2714677,178.4525144,82.07821865,97.50640593,26.74985321,-43.41244481,-28.17289491,-6.083928096,-15.34483385,-2.106208421,-3.770039944,-2.568032991,-17.05958631,10.20296724,11.4330916,10.93451706,6.190610023,3.591408532,3.554782182,2.396596768,2.096679522,1.588371473,1.493406412,1.303400046,1.440066,1.949958468,63.25450344
NFP,7.79,8.29,0.5,185.4686594,9.248031568,198.611257,179.5639278,-37.54278222,10.89833699,-36.66845227,1.106599379,0.14,0,-0.07915595,0.000133561,0.508900227,0.142550419,611.3478405,151.6753705,102.3294635,90.66717764,77.54775102,44.59450759,-5.866004606,-33.67838417,-32.71529925,-1.797696075,1.387824591,-1.416877738,-16.00337609,7.459438973,2.616850672,4.147583004,1.937611767,1.897409428,1.774340466,2.209601294,2.502659442,1.515362983,1.893193412,1.61036894,1.606256159,1.30226967,56.46214473
NFP,8.44,8.64,0.2,198.4023718,28.22848095,231.0639466,186.9930306,295.8999176,83.48027039,318.4454513,3.679394932,0.13,0.23,-0.004899015,4.45E-06,0.215566893,0.058591226,613.8574391,190.9161716,132.1894659,37.30575591,-10.70347163,-16.98958029,-7.085282585,4.627107641,-8.662284711,4.931556853,5.817694994,2.113111012,-19.05742687,9.187690472,2.464753397,2.982092675,2.4350363,2.540477608,2.13384016,3.301207763,2.996323948,2.157523568,2.425648625,2.665339552,1.503887624,1.643187117,31.74645415
NFP,8.87,9.13,0.26,182.6975493,8.010112395,192.3839815,184.5343438,-14.3889152,5.649953102,-17.46078674,0.908241486,0.23,0.36,-0.011513726,7.47E-06,0.273344671,0.072959727,611.5939757,161.5685352,81.35195237,34.43255809,39.17457522,37.35741887,4.772672017,-23.17297209,-31.79957798,-6.158244367,0.832440257,11.81008066,-8.409473659,13.35454289,6.813980508,3.472677709,5.293299013,3.286473272,1.915352954,3.570353648,3.840089105,1.951553633,1.46107446,1.513037111,1.906829367,1.880866932,50.35035047
FP,9.68,10.02,0.34,98.60032477,4.939087931,105.7168806,98.10472787,-6.097378902,3.680286298,-24.02943327,0.646844067,0.16,0.24,-0.010757456,1.51E-05,0.351122449,0.093024566,534.8703371,131.9840708,103.3244284,47.84668911,35.02128227,22.92557685,-8.200954168,-21.32834468,-19.80046962,0.865193144,-4.742362576,2.563333369,-8.064626513,9.644397078,6.78754795,2.899027809,3.367072528,2.364601388,1.932717122,2.252753322,2.894441727,1.794757223,1.718795422,1.598734907,1.698343718,1.94172293,37.67691507
NFP,10.26,10.75,0.49,197.4381657,18.6826107,211.2781201,185.2282999,30.96751122,37.67207396,39.30888898,1.359054263,0.24,0.27,-0.013845608,0.000159093,0.497789116,0.13964739,678.640369,188.4482734,85.17513749,49.87080591,48.25353564,20.43913461,-38.24591703,-56.36563385,-22.58845072,6.500435673,-4.388697574,14.36163769,8.260490373,6.211125155,3.22550821,2.334800926,2.307784971,1.644043001,1.746465173,2.905859911,2.408098093,1.814327268,1.763220815,1.7954547,2.382530364,1.864103249,46.58572342
NFP,11.02,11.41,0.39,188.71188,13.01134065,203.3854517,183.9488977,-51.2269588,9.791481788,-38.9492114,1.606805678,0.27,0.16,0.001491806,8.58E-06,0.400011338,0.105011315,589.5324798,132.3837788,74.6110661,21.27353897,5.269425251,20.84325658,12.31217384,-12.16868119,-10.5935473,2.015970538,-11.7662347,1.586278795,-1.505660359,10.54118481,5.922926929,4.177457723,3.430620664,3.274652975,2.59255463,3.099727614,1.893146765,2.454106458,2.258407805,1.549110537,1.523570477,1.59521963,52.07806274
NFP,11.57,11.87,0.3,190.905839,15.11867017,209.4227408,185.4300475,47.38106473,49.28732198,-50.23848564,4.745010254,0.16,0.17,-0.012066067,8.78E-06,0.313344671,0.08222331,545.4292134,120.3632344,85.16067467,34.55821187,15.63532718,16.45483307,7.688500659,-15.13677351,-23.43100416,-4.06883604,-6.192182172,-0.426650284,-12.32089043,15.1166862,7.83260831,4.246917926,5.534378775,4.684942313,2.268599042,2.819694251,2.670891413,2.250202336,1.933557545,1.660091261,2.076342809,1.814095662,62.60602393
NFP,12.04,12.54,0.5,190.7888166,7.935232121,197.2607548,190.6267996,5.406209535,2.780276779,-28.16710808,0.938810553,0.17,0,0.05606501,0.000786396,0.508900227,0.144300468,685.0949817,147.930935,51.81418477,60.75855718,37.40627767,-1.258169037,-33.86561793,-52.36423316,-39.96834115,-9.775996354,-3.258702207,11.74618153,-1.540913797,14.87312955,10.50733294,6.26818775,3.581549026,2.615641923,2.747214133,3.346702176,4.336219783,2.06258042,1.987490202,1.455130146,1.637895127,1.534587118,81.37682462
NFP,13.54,14.04,0.5,200.4822369,8.98356437,213.7341981,194.9353335,0.53051448,37.65226949,-75.45024791,2.543718714,0.96,0,-0.004368209,0.00033562,0.508900227,0.137864843,573.3731248,103.5987636,91.8713687,82.15963018,10.44336752,-1.038157605,-3.163930905,-21.2515711,-20.76045089,-1.984725886,-8.180968089,-6.05725146,-14.5523185,11.96604785,8.55169196,6.120048168,4.832100591,4.119396172,4.001163195,4.165196608,3.505899403,2.515405418,2.389396293,1.951694539,1.859790908,1.658479487,47.75238251
NFP,13.64,14.14,0.5,197.0119324,7.922819203,206.9421168,194.9353335,7.295425016,14.55796713,-62.21013389,1.897185796,0,0,0.303287219,0.006838968,0.508900227,0.153894951,638.8950209,129.2438682,87.51136231,67.91682169,-14.71893805,-17.16145691,-13.90709116,-22.66093752,-13.74864409,1.38374447,-2.251186681,2.601195389,-10.73540306,12.78649455,10.67299518,6.500883782,5.599165592,4.773194339,4.221626071,4.660651227,3.616361788,2.881280422,2.684397742,1.675505059,1.649502723,1.516122089,121.5632035
NFP,13.74,14.24,0.5,196.4323139,7.920403792,206.6872792,194.9353335,9.300673558,11.18738655,-19.17782465,1.69256785,0,0,0.220126823,0.007217868,0.508900227,0.155528482,651.071945,144.0854576,98.95547701,72.65103865,-13.1841898,-16.49394627,-15.24767294,-21.97660814,-12.91386557,3.299231175,-0.714911136,2.543669522,-12.84140009,11.27943282,10.92957753,7.271618838,5.493941232,4.643918217,3.450721818,4.177101459,3.440251088,2.937491921,2.615845208,1.637210589,1.649600788,1.463752938,154.6781763
NFP,13.84,14.34,0.5,198.2076066,7.512274635,209.8335856,197.6174562,-4.821874487,12.50560263,-25.87520011,2.361223803,0,0,0.078833595,0.007984994,0.508900227,0.155335003,656.4542291,144.2793924,94.50032785,71.94531249,-10.08252205,-13.85746929,-15.08287474,-25.11023596,-18.59370543,-3.366697764,-3.764286958,0.911422741,-14.60587962,10.79603715,10.83374392,7.453627323,5.611882716,4.729732354,3.666571051,4.415456904,3.434008967,2.845150458,2.504155758,1.457878198,1.674400693,1.406401408,122.5352359
NFP,13.94,14.44,0.5,196.8805744,6.832380028,205.8645662,194.0975835,-18.88460652,6.185745067,-36.24842116,2.076022272,0,0,-0.087363784,0.007794166,0.508900227,0.156611803,666.2027216,181.6165892,105.9440808,50.69287444,3.077453119,-14.76590113,-28.27439758,-22.3758289,-15.15835988,-8.738629216,-5.728952856,4.15973638,-14.41593958,10.91873687,6.895027524,6.40331289,3.586669305,4.846130918,3.707742814,3.307811059,3.530456586,2.723654982,2.71527415,1.586783692,1.863522145,1.467681194,86.48518957
NFP,14.04,14.54,0.5,196.0145737,5.9290089,202.2566238,194.0975835,-1.595268564,7.888191243,-1.104977685,1.81283357,0,0,-0.220932173,0.00715011,0.508900227,0.158963212,683.8473527,197.6352638,109.1777451,50.07759978,8.722620362,-15.07720911,-36.2951894,-26.54419303,-13.12714151,-4.07580507,-0.781709682,6.24402571,-14.02567705,10.99147401,6.658067002,6.219249143,3.40607798,4.999368985,3.573940393,3.227197021,3.567898804,2.378065876,2.567069902,1.512472676,1.953597063,1.430421893,89.25481964
NFP,14.73,15.04,0.31,198.8508862,7.292759101,208.5411287,199.8413611,-12.00193716,5.646468329,-18.82767549,1.031865584,0.14,0.12,-0.276798422,0.000104399,0.32223356,0.096134775,679.7465729,205.7104515,105.2237255,19.9993696,-14.36581857,-21.32396008,-28.97592295,-20.11084223,0.962647219,17.6005749,-2.267105086,-7.081928107,-20.50156932,12.98080257,11.34329995,6.712081648,3.852977622,6.286157061,4.712275764,3.793317504,1.924872162,2.161605195,2.022966639,1.386825837,1.541787582,1.603475576,51.9238711
NFP,15.16,15.66,0.5,190.1478885,8.949532977,199.7784848,179.7185826,-42.77111448,13.52652691,-61.19503733,1.437676175,0.12,0,-0.10038123,0.00119747,0.508900227,0.152739412,691.2774676,194.4455448,100.4171532,54.40375928,30.39150066,7.241243444,-30.67917298,-39.226991,-17.76163221,-0.915115837,-17.42858793,-9.788955958,-13.55633724,15.28803953,7.374628376,3.442058252,6.50309507,6.853173619,2.626736039,4.725123942,4.371059632,2.399706513,2.752289817,1.679940119,1.507836141,1.920389338,84.04479801
NFP,15.26,15.76,0.5,187.3956928,7.544375203,196.8048523,179.7885367,-28.43558414,14.93984988,-11.56643974,1.238895989,0,0,-0.068067309,0.001106378,0.508900227,0.148234591,687.2262928,194.7690738,93.80175185,36.47735222,10.33626671,-1.618220096,-17.37779195,-18.36984963,-5.399531688,3.181332587,-19.67700819,-10.43179783,-9.145949742,14.78026214,7.85666066,4.008394709,6.09551238,6.384196309,2.777849816,4.29390158,3.923602488,2.885228126,2.867711882,1.729852254,1.594814914,1.861788304,110.8053777
NFP,15.36,15.86,0.5,189.6253246,11.41837859,199.9374657,179.7885367,-19.67574766,32.02559526,11.43036976,1.530294207,0,0,0.014948318,0.000845878,0.508900227,0.145793327,692.8524165,210.7079879,98.81519899,13.76760491,-22.43943445,-17.53100172,-6.626772982,-2.007913462,4.365065325,11.83066763,-19.92990807,-11.84789734,-6.779360988,14.53918128,8.245784036,4.507708856,4.290824876,5.247459426,3.34658731,2.53573641,2.505209921,2.967746884,2.469013316,1.708242598,1.573161612,1.6461274,95.18340975
NFP,15.46,15.96,0.5,193.5001927,16.97514865,223.6394932,179.7885367,54.44775036,87.81297794,39.2061017,2.060597982,0,0,-0.101974718,0.000630086,0.508900227,0.145739293,727.2259116,220.3358151,90.78952738,2.582427103,-38.68562125,-27.80898658,-10.25775677,-2.186079351,9.097078782,14.76649561,-16.05320774,-10.46586656,-8.272493848,10.80152332,7.057337141,5.385438872,2.902126767,3.86622693,2.61792672,2.641620136,2.52025669,2.518908267,2.099874027,1.747990825,1.567760762,1.867073696,67.02122381
NFP,15.56,16.06,0.5,194.5730706,18.05731745,223.9264502,179.7885367,79.45883206,77.6165743,113.8127264,2.609811528,0,0,0.006437599,0.000361516,0.508900227,0.141274242,698.8264656,186.9135576,67.15148967,11.67073719,-16.48155001,-21.71817267,-18.23291772,-5.010304852,6.187599755,6.022814848,-15.54904285,-6.867516454,-7.344086989,8.684487865,7.787140015,8.159084286,2.398685916,4.228144357,3.000238369,3.023594647,3.266425572,2.864441025,1.976585949,1.910699954,2.078374351,1.910099322,57.91382492
NFP,15.66,16.16,0.5,198.5582913,15.27279969,223.9264502,185.2131854,17.37194152,109.2125169,76.30423945,2.471648712,0,0,0.087980129,0.000577255,0.508900227,0.146846389,691.0350844,190.669165,83.23521484,27.98122054,-6.357980495,-16.96078334,-26.60784233,-18.82370067,-2.417546186,6.09306902,-9.237630919,-1.542051881,-10.80830412,9.240054763,7.61227639,8.794888938,3.501720071,4.746222738,3.362814876,2.974333602,3.580733677,3.072059387,1.967181511,2.045765707,2.580482377,1.864022831,63.52499656
NFP,15.76,16.26,0.5,199.311319,14.776366,223.9264502,185.8042693,-40.097884,68.31376828,61.28858926,3.369280574,0,0,0.039331092,0.000704612,0.508900227,0.147471187,670.6748991,180.8012042,92.95103897,45.95567045,6.957556802,-10.88376514,-27.8087731,-28.48739234,-13.58117218,1.107356773,-5.399271867,2.814743951,-13.64192589,10.60036627,7.228413597,8.901107423,4.436061385,5.081705035,3.307648895,2.817516982,3.529577592,2.756407824,1.776702957,1.739404025,2.446455332,1.827971343,95.17786067
NFP,15.86,16.36,0.5,194.1702302,13.71492461,202.4632734,185.8042693,-42.3712025,14.99356766,-45.46046962,2.155911189,0,0,0.023964418,0.000784729,0.508900227,0.145063528,643.9931286,159.314752,84.94058394,62.76318423,34.68002283,4.039756769,-28.36135363,-40.30339813,-29.28135186,-5.931198464,-4.350079379,6.965987277,-12.4187992,11.73393129,6.233628897,8.53404479,4.406556906,3.902611791,2.301769837,2.980040931,3.423440435,1.888604102,1.880776177,1.740573791,2.292385136,1.846067379,89.01859942
NFP,16.72,16.99,0.27,187.8453126,9.292701711,199.5545548,185.2863409,-36.80981324,19.34861964,-25.81189372,2.680949962,0.28,0.11,-0.311922832,0.000650767,0.28223356,0.087303722,527.9320881,135.2814168,135.8533803,86.12863254,46.00146942,16.33418257,-10.02049205,-11.83727012,-11.31004937,-1.084056567,-9.112380857,-9.171124801,-21.43407414,13.11783552,10.54477055,8.060412693,4.889092795,2.302760534,1.961795301,2.5917288,2.501686085,1.445243312,1.757914411,1.595492113,1.72130367,2.163204442,46.88266272
NFP,17.1,17.23,0.13,191.9383016,30.68062043,225.6590294,188.9453271,524.9274015,62.78010962,574.3476037,5.533463123,0.11,0.14,0.148046161,4.06E-05,0.146678005,0.043060477,688.2798376,165.0414385,85.69111953,113.280834,101.9589731,10.71869116,-85.56319988,-72.67713265,-30.61952003,-15.13604748,-17.84356014,-18.97252221,-20.03772212,7.425981106,3.16690996,3.526583252,3.301738258,2.480046249,3.243887915,4.748421317,5.448261564,2.360782774,1.75534946,2.750787232,1.967192774,2.057145674,35.30786538
NFP,17.37,17.87,0.5,187.2128649,8.893484062,195.6551596,182.3575791,-24.96310621,8.792994206,-43.23812478,1.193066145,0.14,0,-0.090069833,0.000645612,0.508900227,0.143197975,680.952562,203.9793015,91.19177316,3.08650239,-19.72311783,-12.90519622,-9.941881241,-12.18886164,-19.15793873,-3.375386052,3.642411178,8.511025751,-7.618611212,14.12517732,7.066697036,3.21805646,3.218953621,3.027218433,2.177359595,2.38229035,2.869853526,3.755377038,2.371663595,1.992266485,1.8753552,1.753230993,72.30923225
NFP,17.47,17.97,0.5,184.6964277,7.047029874,194.5062249,182.3575791,-19.74389455,12.74037212,-48.96742443,1.457391526,0,0,-0.034042906,0.000316167,0.508900227,0.138654361,654.021342,180.923804,77.83629457,2.080323606,-16.22134576,-8.044920957,-5.224905889,-6.393881987,-9.065191482,2.89574766,-2.318794543,6.681518176,-4.632676116,13.36080312,7.967222581,5.156595393,3.185311777,3.234524009,2.565681905,2.144123909,2.514809473,2.903424556,1.798313684,1.253105134,1.610813019,1.791923627,66.76827811
NFP,17.57,18.07,0.5,183.1966051,6.521682309,193.4243815,182.2060886,-11.06922768,10.68498323,-64.80970627,1.234882627,0,0,-0.055396409,0.000239406,0.508900227,0.139739344,654.6630633,187.9693887,88.19278143,12.08829748,-5.055772473,-0.355303566,-4.889734136,-6.838556159,-5.499646773,6.527862081,-2.708858768,5.27302704,-4.912746068,12.09377546,7.20616049,5.809389014,4.228327999,4.014392713,2.928190721,2.088264587,2.482900732,2.560818684,1.604984384,1.170443587,1.635896246,1.712656859,69.46304462
NFP,17.67,18.17,0.5,180.3444816,5.799947668,187.2420883,180.1849924,-5.810979295,3.777194137,-40.18252106,0.916483719,0,0,0.037857044,9.53E-05,0.508900227,0.138445486,628.2642915,171.9536008,95.33312804,36.77700137,10.35849024,2.273319123,-10.9291811,-17.63596099,-13.69507206,5.263369095,-1.267990095,6.789609895,-0.275855622,9.006650398,5.822571038,5.76282134,3.682889257,3.960060052,3.007417698,1.863588842,3.764865725,3.397027846,1.613290433,1.385957077,1.842928499,1.83363012,84.68786464
NFP,17.77,18.27,0.5,178.2953609,6.086704615,185.475261,175.965194,-11.28622074,4.299306153,-17.81071851,0.827898529,0,0,0.048133087,8.81E-05,0.508900227,0.13873555,620.9281744,162.3182968,93.4304672,50.77808151,33.42140169,15.45982737,-16.1691002,-35.23469684,-29.09009799,0.892412453,2.098566344,9.284731441,1.095252676,9.399431116,5.106201485,5.746639043,3.435460592,3.818877868,2.906988169,1.936010142,3.709223742,2.960730554,1.508730142,1.30349536,1.735786632,1.779295019,84.79328043
NFP,17.87,18.37,0.5,179.0458263,5.842333449,185.475261,175.965194,-2.071814996,8.562747582,3.27036619,0.893569343,0,0,0.034968949,9.50E-05,0.508900227,0.140470474,649.2205268,172.9580459,90.93260218,59.94969024,56.99238033,30.25333796,-26.13972893,-53.94803876,-35.94586068,0.209261902,4.941829181,8.141126439,0.427483142,8.583376606,4.607452907,5.431580398,3.240627661,2.828193321,1.784711059,2.751211425,3.656386535,2.233021148,1.440085046,1.430058307,1.726662888,1.589428625,68.70228417
NFP,17.97,18.47,0.5,179.7467787,5.049692448,185.9223295,175.965194,-0.232985105,9.187014834,0.984931905,0.870318937,0,0,-0.009801002,8.36E-05,0.508900227,0.141177385,661.7234509,185.2647894,102.3521889,69.40737818,66.57662123,34.15665404,-34.27137788,-68.75166748,-40.3771704,6.359867479,8.321521914,2.011939065,0.750702405,7.905508253,2.348370765,3.244379968,2.011129099,2.533845566,1.69143284,2.616641375,3.407672381,2.008601151,1.783784433,1.34688392,1.605323899,1.635650432,38.44808603
NFP,18.07,18.57,0.5,180.3201241,5.371146446,187.4949381,175.965194,14.43943243,7.934471959,15.8591681,1.084494379,0,0,-0.045039025,8.00E-05,0.508900227,0.139868903,654.0946541,175.1718286,91.9653302,63.33912151,61.32871387,29.97549154,-33.97213552,-63.98423454,-38.18179683,2.92339733,5.622739133,2.028497155,1.838731253,9.228554594,3.93204186,2.632189355,2.106815044,3.111073015,2.060960543,2.637428022,4.081959435,2.244813408,1.970189281,1.645760961,1.556919103,1.686382872,36.85794372
NFP,18.17,18.67,0.5,180.0677058,5.643317849,187.4949381,175.6107151,1.080571751,14.45053125,-6.597967848,1.240419199,0,0,-0.03748878,4.34E-05,0.508900227,0.13848448,643.9968617,179.646605,95.10048668,47.36285969,50.11476658,30.27491652,-26.44011092,-49.01618281,-27.09614536,3.842851008,2.781840567,0.223384114,-0.385056599,8.467571402,4.039782307,2.671668943,3.429139334,4.530913025,2.066122076,3.40786178,4.684851226,1.968571615,1.88089888,1.574334484,1.276240989,1.470132818,36.17597219
NFP,18.27,18.77,0.5,180.0705076,5.586995079,187.4949381,176.4229703,-19.28006171,5.103130698,-19.07620205,1.186273944,0,0,-0.011059534,5.84E-05,0.508900227,0.138447022,642.1376827,182.0570694,98.25716327,40.62352481,39.05233119,29.79470265,-17.21822518,-36.61487505,-18.37452496,7.344014346,2.342542214,-0.449368862,-1.702009243,8.086513503,4.060986212,2.983824694,3.450498937,4.395430108,1.985587002,3.824772229,4.828881828,1.720898962,1.863916863,1.596515364,1.406274152,1.539448203,35.47028497
NFP,18.37,18.87,0.5,178.4605637,6.137324673,187.4949381,174.8966477,-24.77281698,4.990259079,-15.36803112,1.333305402,0,0,0.00725923,3.44E-05,0.508900227,0.137162431,614.0582465,176.6966132,104.2998422,31.06609362,24.30537675,29.1231793,4.642063222,-12.79089273,-9.419790185,8.156110398,-2.148925787,-0.721945553,-1.372792718,7.621045698,4.157758161,2.852129113,3.11104896,3.589931677,2.082625944,3.408110563,4.316629554,2.086274714,1.844222421,1.467927543,1.412430205,1.560316947,82.73951132
NFP,18.47,18.97,0.5,176.8891044,5.437950472,182.4154347,174.8966477,-4.04919074,4.759621826,-15.92756972,1.196554472,0,0,0.006882708,3.48E-05,0.508900227,0.136498139,589.6246172,175.0779333,116.8020285,28.83252186,8.003751781,20.13256743,16.85434547,10.56237603,3.805470414,8.082557315,-6.883086673,-3.068189634,-8.195370017,7.019168952,4.337230816,2.572521523,3.001749102,2.930518406,2.546074075,2.044780085,1.909172923,1.936780271,1.822293045,1.292042974,1.50252362,1.438686565,76.45920038
NFP,18.57,19.07,0.5,174.5821694,4.677816928,180.9745825,174.8966477,1.662894924,3.039354108,-17.76942313,1.090507233,0,0,-0.029798953,2.16E-05,0.508900227,0.136293448,589.4142611,167.3327688,106.1203012,24.82781465,2.886775328,15.64218369,18.54011748,13.3733606,4.590024654,9.391966439,-3.827485524,-0.322915985,-6.897500945,7.58387332,5.069596386,4.258182848,3.060330022,3.056305848,2.978639511,1.925333108,1.94614007,1.995284739,1.674842866,1.258784156,1.69492587,1.793958321,71.07570996
NFP,18.67,19.17,0.5,176.9482961,9.088212514,185.2789364,175.0938618,12.11916101,4.521487508,-10.37697328,1.297195423,0,0,-0.026982966,3.07E-05,0.508900227,0.136262523,575.6379995,155.5976085,101.4976809,29.87000012,9.996018598,15.85938807,13.9641265,9.038403438,0.320389366,8.21068823,-2.760512852,1.304281131,-4.494514919,7.941735476,5.393751269,4.685719172,2.712086036,2.787028767,2.939393465,2.118868313,2.269131598,2.407002918,1.780341771,1.32240332,1.775736135,2.012111573,60.04673049
NFP,18.77,19.27,0.5,177.3213784,9.021444385,185.2789364,175.0938618,7.471711867,6.061679725,-22.43486929,1.223977826,0,0,0.017060736,3.71E-05,0.508900227,0.136198885,556.6202738,146.446572,108.1418597,43.14058154,18.05526439,15.16417401,11.10808187,7.321575565,-3.247599708,4.371491014,-5.694582306,-1.177050042,-3.254149611,7.204144991,4.820814865,5.075119149,3.799090216,3.485858554,2.864178671,2.053571537,2.389033199,2.630103487,1.812348117,1.295381649,1.739074818,2.002910934,76.25660957
NFP,18.87,19.37,0.5,176.900417,9.211606222,185.2789364,174.1731794,-7.566715996,7.874680869,-42.01346006,1.227405469,0,0,0.028211669,3.32E-05,0.508900227,0.136583856,550.9199504,143.2397379,114.8909904,57.69566717,25.6403373,12.62749421,4.198345902,0.247515708,-9.875289682,1.73893804,-4.188458386,0.386402273,-2.595269069,7.563597428,4.769514208,5.380316555,4.241465165,3.845242544,2.614575481,1.407543322,2.331740404,2.472628968,1.729624223,1.339220936,1.732437044,2.024978901,37.89901354
NFP,18.97,19.47,0.5,171.1565222,22.22600081,185.2789364,88.43476575,79.67950188,341.4625832,-37.72524004,3.524287864,0,0,0.01800153,4.29E-05,0.508900227,0.136559894,558.0111329,141.1066148,110.6276173,64.95309858,37.9980467,16.21188695,-1.80028668,-14.21796629,-24.29060994,-4.131560594,-1.508822769,6.88822047,5.506795787,7.463891745,4.373386704,5.287991143,4.105804015,3.283108933,2.347481232,1.531008722,2.418148943,2.002790208,1.154155469,1.265434145,1.506551452,1.963226269,34.83931923
FP,19.07,19.57,0.5,175.2523198,9.022089174,182.6992765,172.9901779,-18.20194865,3.14552258,-12.75421545,0.675721566,0,0,-0.014529748,3.24E-05,0.508900227,0.13699545,564.2614572,154.7943251,125.0233803,74.22911574,49.33433877,23.71185193,-4.467907628,-24.7258859,-31.61335241,-4.000574646,-0.499455268,5.163620883,5.021646547,6.161252636,3.194824862,3.415453411,3.251322172,2.089047414,1.602252675,1.466797806,2.104093984,1.784893719,1.151685163,1.351335038,1.449334897,1.713745788,27.93083721
FP,19.17,19.67,0.5,172.438143,4.129085188,177.2950842,172.9901779,1.280929885,2.060937965,-3.206315889,0.535459476,0,0,-0.036472997,8.75E-06,0.508900227,0.136633846,554.18545,149.1777764,130.1973758,85.71920723,53.20843971,24.84116577,-3.8736476,-25.37289065,-31.97904685,-4.882901033,-2.053239124,3.108839333,2.765012573,4.732237833,2.25378814,2.491119555,1.875645871,1.613017892,1.540113031,1.585338684,2.198609203,1.713816381,1.083772417,1.33144181,1.292927395,1.633192957,30.2507213
NFP,21.85,22.11,0.26,186.5276688,8.047310075,196.2238424,188.7131513,-28.19727532,3.465051991,-52.3206598,0.789581938,1.83,1.03,-0.026974831,3.99E-06,0.273344671,0.072326139,548.3725034,142.6732837,110.4691047,46.75103312,30.90176991,11.21697914,-13.02311921,-11.26490238,-10.82289299,-11.26825772,-19.17466952,-5.462603551,3.233965727,14.03258312,8.95226749,2.654547677,2.922025969,3.278318043,3.091939616,3.187717246,2.598949549,1.816930682,1.376102167,1.520724452,2.176135576,2.601014235,46.98757293
NFP,24.88,24.99,0.11,189.8036851,21.38691014,212.683631,206.1229635,74.55652427,5.755673019,15.58596253,1.917179237,0.1,0.48,-0.052692458,2.31E-06,0.126678005,0.033495247,491.7363799,70.11318888,103.4026768,87.40076068,40.90296046,30.54878252,-14.00949875,-14.70688565,-26.95741149,-22.35839042,-9.198475719,-16.86429699,-22.50666066,25.06870684,7.764062173,5.058306477,5.696456653,2.935279121,3.306671166,6.137936181,5.265096495,2.990774521,2.578981035,2.953582069,2.992980675,2.101612449,35.6143304
FP,26.84,27.06,0.22,197.8059596,10.41813789,211.3024762,202.8153546,-51.20465891,1.779515009,-35.84444943,0.862488817,0.83,1.68,-0.046111945,1.31E-06,0.233344671,0.062063408,578.6629356,139.1963072,85.50628106,44.38716354,43.47955016,27.42073126,-18.70697441,-37.77398547,-28.97967924,-1.350528651,-8.335403584,-5.432378863,-14.96614926,20.87009784,9.041843648,3.653536022,2.953244472,2.198667062,2.23527588,3.749182028,4.256844344,2.586365853,2.72887149,1.895339964,1.711291916,1.606706207,44.60998771
NFP,28.74,29.05,0.31,202.6831589,15.18679195,216.3479298,198.8506649,-19.63309484,29.3916711,-3.838724234,2.427446634,1.68,1.12,-0.022737135,4.93E-05,0.32223356,0.087440419,464.842092,104.7177748,139.5445155,94.11861586,60.55237779,34.00300318,5.2938577,-4.233324708,-16.38442538,-13.82997547,-23.22959939,-18.62045837,-24.94494516,7.350554202,5.47880001,3.627985806,2.980260467,2.695130867,2.4920535,2.720163325,2.70201398,1.469772691,1.537783458,1.539845285,1.515148486,1.608319451,36.98233089
NFP,30.17,30.35,0.18,186.4132719,13.12750513,201.6916058,191.9460494,6.88302478,10.2401502,-20.27487819,1.927363638,1.12,0.38,-0.060701293,8.94E-05,0.195566893,0.053270514,651.7756151,153.2660306,76.90017001,29.08835071,-24.18318994,-30.68867301,-20.54130032,-7.993692067,-3.503542336,-0.698516197,-5.490194282,-2.789117626,-12.92220271,17.87252924,12.222061,7.449234866,3.017230436,4.377654519,5.33815576,3.443300379,2.300875771,2.584724032,2.913438354,2.318277367,2.047891334,2.333255024,71.7887161
NFP,30.83,31.33,0.5,217.7030967,20.89391343,244.7361891,197.5222223,-51.97831833,198.0500772,-15.28487711,3.199856227,0,0,-0.185545346,0.00073619,0.508900227,0.161419347,717.5795613,191.9693474,94.95677024,75.44280298,29.46217992,-7.469261791,-29.69180541,-35.30470735,-29.181669,-23.53322875,-22.38729447,-4.496430112,-17.28386002,12.45488447,7.176868426,6.197181928,4.187283569,3.512301447,2.780322994,3.647751031,2.758126179,1.718192598,1.900308673,1.497969954,1.961128656,1.511590923,95.59568695
NFP,31.57,31.7,0.13,190.7098502,18.49559881,211.2059602,199.1258568,6.410563586,26.82575314,14.98315225,4.205863422,0.21,0.15,-0.111211645,5.88E-06,0.146678005,0.041021094,569.9521145,165.2694825,136.0076547,64.01621516,32.44367836,13.79723148,-16.41178138,-28.94843554,-27.12297157,-16.21918949,-6.439501151,-0.382199418,-13.33150962,9.844017226,5.024320627,7.471865012,8.501347579,6.393698204,3.860016649,3.340818582,2.075316501,2.231652184,2.403987833,2.023917969,4.034911786,4.767213239,31.46107611
NFP,31.85,32.33,0.48,198.577503,5.091119234,205.0649135,198.3611181,4.626849851,3.901361915,-2.109516657,0.891629122,0.15,0.15,-0.175073118,0.000317743,0.488900227,0.154380357,644.6887501,195.5719468,132.8241842,76.58097841,51.12857357,23.72704594,-18.19184097,-29.90631395,-14.09450617,-3.551430559,-6.518501022,8.047858465,-17.55831631,14.82774087,6.828451174,4.494129974,3.778554577,2.0041662,1.964096411,2.83123914,2.719457162,1.202102085,1.309941053,1.486378608,2.485877781,1.767763297,60.49993692
NFP,32.48,32.7,0.22,192.3433472,10.08224281,203.4503896,198.0758881,27.03105654,1.349786228,20.46038247,0.750885869,0.15,0.12,-0.053441617,1.24E-05,0.233344671,0.063417697,514.2226663,127.4384753,146.1271816,105.6811079,54.22972547,16.11339088,-17.42972991,-31.41294746,-32.76371794,-19.76593312,-28.81340134,-12.14796712,-12.7437802,10.91006,6.48360326,4.373434689,4.218386757,2.336678018,2.401362385,2.676439434,2.939045095,2.264258374,1.934756459,2.059451698,2.213350175,2.064982385,38.77795147
NFP,32.82,32.94,0.12,178.3231273,16.43498397,196.4985564,191.2067195,-73.93996407,0.301306279,-74.82619632,0.949979363,0.12,0.37,-0.026143031,9.72E-07,0.136950113,0.036148952,459.2429166,103.2221301,138.799176,86.05472251,45.66434803,23.57936107,-1.032433204,-13.99596476,-28.47221363,-18.36285496,-20.00147848,-11.43588295,-17.20009431,9.91851744,9.289654576,6.836984301,4.363165064,2.978714443,2.280654808,1.910326745,1.921446133,2.354958506,2.218906921,2.258292807,2.026428476,1.976354232,35.88068828
NFP,33.72,33.88,0.16,188.7151688,14.21907581,204.0573704,197.6480125,35.18882917,4.295533204,6.952229512,1.350251011,0.13,0.71,-0.079886244,1.29E-05,0.175566893,0.048254506,598.2432486,116.0769739,84.41240678,95.62077013,54.74057951,25.86755561,1.72083023,-8.898389046,-11.09119729,-6.749535011,-14.56417911,-9.3326781,-23.50836896,15.53706175,8.902669882,15.64717751,4.312109101,3.362525245,3.800625218,3.12684604,2.352780683,2.313359044,2.071143046,2.229487333,3.068530704,2.388067007,39.29921331
NFP,35.22,35.62,0.4,198.4398828,7.006898698,208.8421687,194.235048,-0.349870156,16.91525365,-78.0154708,2.181905648,0.58,0.14,-0.047693317,7.76E-05,0.411122449,0.114315674,720.1526233,182.0940409,63.18067037,36.39358241,28.40711384,26.02081286,-10.73887611,-25.31299134,-11.06705218,-8.777998268,-15.54634281,7.480275197,-10.07284408,13.99526289,8.433905486,5.292162475,5.433630646,2.858578947,2.603649399,1.985663945,2.269995942,1.921558904,1.766502216,1.221598524,1.60830985,1.580091851,36.56704658
NFP,35.76,36.26,0.5,194.5303265,7.337839825,198.7957141,189.1964467,1.137775339,6.284921668,-13.73170542,1.271831744,0.14,0,-0.018784247,0.000161998,0.508900227,0.140104496,620.9600014,174.1201938,110.7003575,59.04797711,34.73989797,7.311865936,-28.88539567,-38.4822774,-25.49394814,-8.64348931,-15.92321544,2.555401602,5.51130199,10.99078472,5.583021737,3.199767356,2.125821034,2.626560104,2.035004849,2.37232857,3.059627327,1.57976258,1.808161133,1.345378941,1.494016891,2.063795111,89.63671138
NFP,36.44,36.61,0.17,190.8674733,12.84731625,205.2961312,197.568369,-0.903099662,8.983691806,-37.64404482,1.890775379,0.13,0.17,-0.071849219,7.52E-06,0.184455782,0.050472056,569.7261854,114.3091092,116.7567408,112.0713344,36.75126034,9.501831674,-6.980320609,-13.98430624,-15.61325768,-20.07378711,-25.24076742,-4.001306968,-15.84848503,17.3625352,11.82712023,8.387957522,5.236974256,6.130494614,3.451865743,4.08039201,2.660517654,3.346037849,3.250090367,2.309912714,2.940869661,2.349235612,40.29907083
NFP,37.41,37.91,0.5,179.6014346,27.23741494,197.5270378,100.8779113,-44.40531146,719.2907233,219.4168236,6.490398896,0.49,0,-0.111830683,0.000411982,0.508900227,0.142835451,622.4267049,162.8111775,98.51744353,47.88336541,19.73141288,1.872947663,-10.99671933,-1.357332523,-0.447873461,3.226034443,-1.440986386,7.039043838,-10.52018024,11.88085095,7.955866159,3.651441728,3.289072299,3.266073035,2.348281268,2.557695038,2.509258882,1.8845389,1.206310951,1.71420808,1.987985419,1.568944428,94.81965182
NFP,38.22,38.66,0.44,214.2807673,6.41697326,223.4023076,213.9309908,-16.70818468,5.590844448,-23.35424524,1.277583399,0.27,0.5,-0.155522172,0.000229424,0.448900227,0.129069791,644.2199554,193.0583804,120.6296906,43.96319664,-6.937571352,-36.57917889,-46.69951839,-28.98146582,-16.49918502,-15.49264051,-24.0055874,-10.58835584,-13.57172681,7.815887508,5.205929614,5.493277337,3.296145701,2.556276722,3.917828535,4.193302626,2.885493775,1.647139893,1.331092257,1.395665489,2.0486616,1.739159708,40.85738898
NFP,39.16,39.44,0.28,194.555891,7.479440858,203.2351396,198.1628908,-9.85083862,2.230050229,-22.31560875,0.736683807,0.5,0.36,-0.079447599,0.000102659,0.293344671,0.080505713,558.2553697,134.2268978,103.2127541,67.97075822,45.09614967,15.73188575,-22.03492218,-37.42814431,-18.60540303,6.488492337,-1.536565302,-0.250828973,-17.99200015,19.99332294,10.05286068,3.037897406,3.21843624,3.150558819,1.626885805,3.852415336,5.346258828,2.46012609,2.624167608,2.14633864,2.844361085,1.775847444,43.12934628
NFP,39.8,39.99,0.19,191.8003394,11.34182037,204.2925526,201.0339809,-1.621664768,1.071105531,-11.13430839,0.842216353,0.36,0.01,-0.105117392,2.06E-05,0.204455782,0.057147201,624.9695789,182.2834579,122.8481696,36.28967726,-14.11310737,-27.47977292,-10.63654974,19.04270638,18.24283381,5.886396579,-17.63468481,-6.762221003,-11.81119674,23.66002205,11.95279151,5.431900492,4.901533272,6.16263841,5.270880313,2.291871164,1.995541054,3.198010285,1.834735844,2.588655971,2.221019127,2.872427744,38.6969335
